seed_name,unprescaled,prescale,prescaled,d_prescaled,unique,d_unique,proportional,weight
L1_SingleMuCosmics,4303.547,0,0.000,0.000,0.000,0.000,0.000,1.306
L1_SingleMuOpen,4303.137,57000,0.074,0.046,0.074,0.046,0.074,1.306
L1_SingleMuCosmics_BMTF,282.386,0,0.000,0.000,0.000,0.000,0.000,1.335
L1_SingleMuCosmics_OMTF,332.898,0,0.000,0.000,0.000,0.000,0.000,1.336
L1_SingleMuCosmics_EMTF,3785.174,0,0.000,0.000,0.000,0.000,0.000,1.308
L1_SingleMu0_BMTF,282.386,0,0.000,0.000,0.000,0.000,0.000,1.335
L1_SingleMu0_OMTF,187.569,0,0.000,0.000,0.000,0.000,0.000,1.344
L1_SingleMu0_EMTF,1999.415,0,0.000,0.000,0.000,0.000,0.000,1.297
L1_SingleMu3,1464.516,20000,0.037,0.033,0.037,0.033,0.037,1.321
L1_SingleMu5,452.301,6000,0.038,0.033,0.038,0.033,0.038,1.340
L1_SingleMu7,180.700,2400,0.038,0.033,0.000,0.000,0.010,1.350
L1_SingleMu10_LowQ,84.426,1100,0.039,0.033,0.039,0.033,0.039,1.379
L1_SingleMu11_LowQ,65.845,0,0.000,0.000,0.000,0.000,0.000,1.383
L1_SingleMu12_LowQ_BMTF,8.674,0,0.000,0.000,0.000,0.000,0.000,1.336
L1_SingleMu12_LowQ_OMTF,11.878,0,0.000,0.000,0.000,0.000,0.000,1.360
L1_SingleMu12_LowQ_EMTF,35.312,0,0.000,0.000,0.000,0.000,0.000,1.407
L1_SingleMu16,19.031,0,0.000,0.000,0.000,0.000,0.000,1.387
L1_SingleMu18,14.266,190,0.040,0.033,0.000,0.000,0.010,1.394
L1_SingleMu20,11.630,0,0.000,0.000,0.000,0.000,0.000,1.395
L1_SingleMu22,9.315,1,9.315,0.514,0.277,0.089,2.804,1.398
L1_SingleMu22_BMTF,2.045,0,0.000,0.000,0.000,0.000,0.000,1.336
L1_SingleMu22_OMTF,2.905,0,0.000,0.000,0.000,0.000,0.000,1.385
L1_SingleMu22_EMTF,4.348,0,0.000,0.000,0.000,0.000,0.000,1.433
L1_SingleMu25,7.590,1,7.590,0.464,0.000,0.000,1.905,1.402
L1_SingleMu30,4.822,1,4.822,0.370,0.000,0.000,1.102,1.406
L1_SingleMu14er2p1,22.772,0,0.000,0.000,0.000,0.000,0.000,1.368
L1_SingleMu16er2p1,16.308,0,0.000,0.000,0.000,0.000,0.000,1.373
L1_SingleMu18er2p1,12.116,0,0.000,0.000,0.000,0.000,0.000,1.379
L1_SingleMu20er2p1,9.790,0,0.000,0.000,0.000,0.000,0.000,1.381
L1_SingleMu22er2p1,7.819,1,7.819,0.471,0.000,0.000,2.103,1.386
L1_DoubleMu0,333.961,0,0.000,0.000,0.000,0.000,0.000,1.644
L1_DoubleMu_11_4,4.871,0,0.000,0.000,0.000,0.000,0.000,1.576
L1_DoubleMu_12_5,2.970,0,0.000,0.000,0.000,0.000,0.000,1.541
L1_DoubleMu_12_8,0.957,0,0.000,0.000,0.000,0.000,0.000,1.468
L1_DoubleMu_13_6,1.892,0,0.000,0.000,0.000,0.000,0.000,1.517
L1_DoubleMu_15_5,1.840,0,0.000,0.000,0.000,0.000,0.000,1.545
L1_DoubleMu_15_7,0.976,1,0.976,0.166,0.170,0.069,0.298,1.496
L1_DoubleMu18er2p1,0.077,1,0.077,0.047,0.000,0.000,0.009,1.352
L1_DoubleMu22er2p1,0.076,1,0.076,0.046,0.000,0.000,0.009,1.333
L1_TripleMu0,22.431,0,0.000,0.000,0.000,0.000,0.000,1.988
L1_TripleMu3,3.356,0,0.000,0.000,0.000,0.000,0.000,1.910
L1_TripleMu_4_4_4,0.864,1,0.864,0.157,0.051,0.038,0.243,1.794
L1_TripleMu_5_0_0,7.972,0,0.000,0.000,0.000,0.000,0.000,1.994
L1_TripleMu_5_3_3,1.994,1,1.994,0.238,0.000,0.000,0.562,1.901
L1_TripleMu_5_5_3,1.091,1,1.091,0.176,0.000,0.000,0.220,1.833
L1_QuadMu0,1.567,0,0.000,0.000,0.000,0.000,0.000,2.403
L1_SingleEG5,14296.761,190000,0.040,0.034,0.040,0.034,0.040,1.399
L1_SingleEG10,2429.727,32000,0.041,0.034,0.041,0.034,0.041,1.452
L1_SingleEG15,571.544,7600,0.041,0.034,0.041,0.034,0.041,1.461
L1_SingleEG18,195.007,0,0.000,0.000,0.000,0.000,0.000,1.537
L1_SingleEG24,63.507,0,0.000,0.000,0.000,0.000,0.000,1.488
L1_SingleEG26,49.445,660,0.042,0.035,0.042,0.035,0.042,1.492
L1_SingleEG28,37.535,0,0.000,0.000,0.000,0.000,0.000,1.493
L1_SingleEG30,29.522,0,0.000,0.000,0.000,0.000,0.000,1.494
L1_SingleEG32,22.596,0,0.000,0.000,0.000,0.000,0.000,1.493
L1_SingleEG34,18.787,0,0.000,0.000,0.000,0.000,0.000,1.496
L1_SingleEG36,14.950,0,0.000,0.000,0.000,0.000,0.000,1.486
L1_SingleEG38,12.701,1,12.701,0.600,0.422,0.109,1.876,1.488
L1_SingleEG40,10.957,1,10.957,0.557,0.000,0.000,1.078,1.492
L1_SingleEG42,8.939,1,8.939,0.503,0.000,0.000,0.654,1.494
L1_SingleEG45,7.317,1,7.317,0.455,0.000,0.000,0.428,1.501
L1_SingleEG50,5.163,1,5.163,0.383,0.000,0.000,0.220,1.505
L1_SingleEG34er2p1,13.366,0,0.000,0.000,0.000,0.000,0.000,1.502
L1_SingleEG36er2p1,10.604,0,0.000,0.000,0.000,0.000,0.000,1.496
L1_SingleEG38er2p1,8.960,1,8.960,0.504,0.000,0.000,0.782,1.491
L1_SingleIsoEG18,29.041,0,0.000,0.000,0.000,0.000,0.000,1.171
L1_SingleIsoEG20,23.137,0,0.000,0.000,0.000,0.000,0.000,1.235
L1_SingleIsoEG22,19.838,0,0.000,0.000,0.000,0.000,0.000,1.284
L1_SingleIsoEG24,18.046,0,0.000,0.000,0.000,0.000,0.000,1.346
L1_SingleIsoEG26,16.896,0,0.000,0.000,0.000,0.000,0.000,1.393
L1_SingleIsoEG28,14.574,0,0.000,0.000,0.000,0.000,0.000,1.416
L1_SingleIsoEG30,13.488,0,0.000,0.000,0.000,0.000,0.000,1.442
L1_SingleIsoEG32,12.052,1,12.052,0.585,0.041,0.034,0.878,1.461
L1_SingleIsoEG34,11.072,1,11.072,0.560,0.000,0.000,0.642,1.474
L1_SingleIsoEG35,10.483,1,10.483,0.545,0.000,0.000,0.576,1.467
L1_SingleIsoEG36,9.866,1,9.866,0.529,0.000,0.000,0.500,1.468
L1_SingleIsoEG37,9.591,1,9.591,0.521,0.000,0.000,0.472,1.465
L1_SingleIsoEG38,9.274,1,9.274,0.513,0.000,0.000,0.446,1.474
L1_SingleIsoEG40,8.709,1,8.709,0.497,0.000,0.000,0.408,1.477
L1_SingleIsoEG18er2p1,24.256,0,0.000,0.000,0.000,0.000,0.000,1.210
L1_SingleIsoEG20er2p1,19.055,0,0.000,0.000,0.000,0.000,0.000,1.298
L1_SingleIsoEG22er2p1,16.770,0,0.000,0.000,0.000,0.000,0.000,1.360
L1_SingleIsoEG24er2p1,15.109,0,0.000,0.000,0.000,0.000,0.000,1.402
L1_SingleIsoEG26er2p1,14.311,190,0.041,0.034,0.000,0.000,0.003,1.459
L1_SingleIsoEG28er2p1,12.302,160,0.042,0.035,0.000,0.000,0.002,1.481
L1_SingleIsoEG30er2p1,11.402,1,11.402,0.569,0.468,0.115,1.274,1.501
L1_SingleIsoEG32er2p1,10.154,1,10.154,0.537,0.000,0.000,0.621,1.518
L1_SingleIsoEG33er2p1,9.598,1,9.598,0.522,0.000,0.000,0.495,1.518
L1_SingleIsoEG34er2p1,9.163,1,9.163,0.510,0.000,0.000,0.440,1.518
L1_SingleIsoEG35er2p1,8.683,1,8.683,0.496,0.000,0.000,0.391,1.516
L1_SingleIsoEG36er2p1,8.254,1,8.254,0.484,0.000,0.000,0.355,1.517
L1_SingleIsoEG38er2p1,7.705,1,7.705,0.467,0.000,0.000,0.317,1.510
L1_SingleIsoEG40er2p1,7.177,1,7.177,0.451,0.000,0.000,0.287,1.507
L1_IsoEG33_Mt40,9.400,1,9.400,0.516,0.000,0.000,0.534,1.467
L1_IsoEG33_Mt44,9.238,1,9.238,0.512,0.000,0.000,0.523,1.468
L1_IsoEG33_Mt48,8.902,1,8.902,0.502,0.000,0.000,0.505,1.467
L1_DoubleEG_15_10,67.321,0,0.000,0.000,0.000,0.000,0.000,2.018
L1_DoubleEG_18_17,4.474,0,0.000,0.000,0.000,0.000,0.000,1.793
L1_DoubleEG_20_18,2.860,0,0.000,0.000,0.000,0.000,0.000,1.740
L1_DoubleEG_22_10,15.850,0,0.000,0.000,0.000,0.000,0.000,1.921
L1_DoubleEG_22_12,10.615,0,0.000,0.000,0.000,0.000,0.000,1.863
L1_DoubleEG_22_15,5.470,0,0.000,0.000,0.000,0.000,0.000,1.820
L1_DoubleEG_23_10,14.269,0,0.000,0.000,0.000,0.000,0.000,1.914
L1_DoubleEG_24_17,2.604,1,2.604,0.272,0.197,0.075,0.613,1.733
L1_DoubleEG_25_12,7.954,1,7.954,0.475,0.628,0.133,2.342,1.846
L1_DoubleEG_25_13,6.225,1,6.225,0.420,0.000,0.000,1.434,1.830
L1_DoubleEG_25_14,4.764,1,4.764,0.368,0.000,0.000,0.928,1.807
L1_DoubleLooseIsoEG22er2p1,0.155,1,0.155,0.066,0.000,0.000,0.004,1.371
L1_DoubleLooseIsoEG24er2p1,0.155,1,0.155,0.066,0.000,0.000,0.004,1.367
L1_TripleEG_14_10_8,18.879,0,0.000,0.000,0.000,0.000,0.000,2.632
L1_TripleEG_18_17_8,1.419,1,1.419,0.201,0.555,0.125,0.696,2.176
L1_SingleTau20,21466.542,0,0.000,0.000,0.000,0.000,0.000,2.152
L1_SingleTau80er2p1,9.474,0,0.000,0.000,0.000,0.000,0.000,1.398
L1_SingleTau100er2p1,4.416,0,0.000,0.000,0.000,0.000,0.000,1.403
L1_SingleTau120er2p1,2.518,1,2.518,0.267,0.000,0.000,0.211,1.410
L1_SingleTau130er2p1,1.806,1,1.806,0.226,0.000,0.000,0.111,1.416
L1_SingleTau140er2p1,1.377,1,1.377,0.198,0.000,0.000,0.055,1.429
L1_DoubleTau50er2p1,7.908,0,0.000,0.000,0.000,0.000,0.000,1.395
L1_DoubleTau70er2p1,2.483,1,2.483,0.265,0.039,0.033,0.298,1.390
L1_DoubleIsoTau28er2p1,15.367,0,0.000,0.000,0.000,0.000,0.000,1.404
L1_DoubleIsoTau30er2p1,13.303,0,0.000,0.000,0.000,0.000,0.000,1.397
L1_DoubleIsoTau32er2p1,10.796,1,10.796,0.553,0.355,0.100,2.065,1.390
L1_DoubleIsoTau33er2p1,10.159,1,10.159,0.537,0.000,0.000,1.634,1.389
L1_DoubleIsoTau34er2p1,9.288,1,9.288,0.513,0.000,0.000,1.326,1.388
L1_DoubleIsoTau35er2p1,8.853,1,8.853,0.501,0.000,0.000,1.201,1.388
L1_DoubleIsoTau36er2p1,8.261,1,8.261,0.484,0.000,0.000,1.065,1.388
L1_DoubleIsoTau38er2p1,7.393,1,7.393,0.458,0.000,0.000,0.907,1.387
L1_SingleJet16,25735.065,0,0.000,0.000,0.000,0.000,0.000,1.168
L1_SingleJet20,23432.323,0,0.000,0.000,0.000,0.000,0.000,1.325
L1_SingleJet35,9239.526,123000,0.059,0.041,0.059,0.041,0.059,2.090
L1_SingleJet60,782.464,10400,0.056,0.040,0.056,0.040,0.056,1.983
L1_SingleJet90,92.446,1200,0.047,0.036,0.047,0.036,0.047,1.644
L1_SingleJet120,22.334,300,0.045,0.036,0.045,0.036,0.045,1.579
L1_SingleJet140,10.744,0,0.000,0.000,0.000,0.000,0.000,1.560
L1_SingleJet150,8.074,0,0.000,0.000,0.000,0.000,0.000,1.556
L1_SingleJet160,6.125,0,0.000,0.000,0.000,0.000,0.000,1.543
L1_SingleJet170,4.761,1,4.761,0.367,0.175,0.070,0.747,1.541
L1_SingleJet180,3.656,1,3.656,0.322,0.000,0.000,0.387,1.535
L1_SingleJet200,2.043,1,2.043,0.241,0.000,0.000,0.121,1.533
L1_SingleJet35_FWD,4673.657,62000,0.000,0.000,0.000,0.000,0.000,4.869
L1_SingleJet60_FWD,233.857,3100,0.000,0.000,0.000,0.000,0.000,3.924
L1_SingleJet90_FWD,13.677,180,0.067,0.044,0.067,0.044,0.067,2.377
L1_SingleJet120_FWD,2.122,30,0.061,0.041,0.061,0.041,0.061,2.139
L1_SingleJet35_HFp,426.003,0,0.000,0.000,0.000,0.000,0.000,2.618
L1_SingleJet35_HFm,302.512,0,0.000,0.000,0.000,0.000,0.000,2.606
L1_SingleJet60_HFp,28.418,0,0.000,0.000,0.000,0.000,0.000,2.025
L1_SingleJet60_HFm,20.750,0,0.000,0.000,0.000,0.000,0.000,2.028
L1_DoubleJet40er3p0,1551.211,21000,0.000,0.000,0.000,0.000,0.000,3.789
L1_DoubleJet50er3p0,376.903,0,0.000,0.000,0.000,0.000,0.000,2.747
L1_DoubleJet60er3p0,123.469,0,0.000,0.000,0.000,0.000,0.000,1.978
L1_DoubleJet80er3p0,27.711,0,0.000,0.000,0.000,0.000,0.000,1.582
L1_DoubleJet100er3p0,10.913,150,0.044,0.035,0.000,0.000,0.009,1.546
L1_DoubleJet112er3p0,6.639,90,0.043,0.035,0.000,0.000,0.005,1.531
L1_DoubleJet120er3p0,4.641,1,4.641,0.363,0.564,0.126,1.132,1.530
L1_TripleJet_84_68_48_VBF,18.386,0,0.000,0.000,0.000,0.000,0.000,2.169
L1_TripleJet_88_72_56_VBF,9.728,0,0.000,0.000,0.000,0.000,0.000,2.007
L1_TripleJet_92_76_64_VBF,5.618,0,0.000,0.000,0.000,0.000,0.000,1.869
L1_QuadJet40er3p0,205.080,0,0.000,0.000,0.000,0.000,0.000,13.129
L1_QuadJet50er3p0,19.432,0,0.000,0.000,0.000,0.000,0.000,7.292
L1_QuadJet60er3p0,1.864,1,1.864,0.230,0.169,0.069,0.384,2.989
L1_HTT120er,572.630,7600,0.000,0.000,0.000,0.000,0.000,2.805
L1_HTT160er,206.451,2700,0.000,0.000,0.000,0.000,0.000,2.702
L1_HTT200er,80.925,1100,0.072,0.045,0.000,0.000,0.045,2.535
L1_HTT220er,53.410,0,0.000,0.000,0.000,0.000,0.000,2.428
L1_HTT240er,36.427,0,0.000,0.000,0.000,0.000,0.000,2.340
L1_HTT255er,26.512,350,0.064,0.043,0.000,0.000,0.025,2.270
L1_HTT270er,20.155,0,0.000,0.000,0.000,0.000,0.000,2.215
L1_HTT280er,16.656,0,0.000,0.000,0.000,0.000,0.000,2.184
L1_HTT300er,12.188,1,12.188,0.588,0.296,0.092,2.297,2.087
L1_HTT320er,9.712,1,9.712,0.525,0.000,0.000,1.380,2.039
L1_HTT340er,7.489,1,7.489,0.461,0.000,0.000,0.891,1.986
L1_HTT380er,4.780,1,4.780,0.368,0.000,0.000,0.449,1.916
L1_HTT400er,3.627,1,3.627,0.321,0.000,0.000,0.295,1.854
L1_HTT450er,2.417,1,2.417,0.262,0.000,0.000,0.147,1.776
L1_HTT500er,1.591,1,1.591,0.212,0.000,0.000,0.072,1.754
L1_ETM30,8707.910,0,0.000,0.000,0.000,0.000,0.000,1.614
L1_ETM40,3928.618,0,0.000,0.000,0.000,0.000,0.000,2.166
L1_ETM50,1592.215,0,0.000,0.000,0.000,0.000,0.000,2.976
L1_ETM60,613.569,0,0.000,0.000,0.000,0.000,0.000,4.087
L1_ETM70,196.215,0,0.000,0.000,0.000,0.000,0.000,4.630
L1_ETM75,108.523,0,0.000,0.000,0.000,0.000,0.000,4.640
L1_ETM80,61.085,0,0.000,0.000,0.000,0.000,0.000,4.498
L1_ETM85,33.613,0,0.000,0.000,0.000,0.000,0.000,4.190
L1_ETM90,19.709,0,0.000,0.000,0.000,0.000,0.000,3.820
L1_ETM95,12.507,0,0.000,0.000,0.000,0.000,0.000,3.394
L1_ETM100,7.591,0,0.000,0.000,0.000,0.000,0.000,3.043
L1_ETM105,5.071,1,5.071,0.379,0.077,0.047,0.808,2.710
L1_ETM110,3.369,1,3.369,0.309,0.000,0.000,0.318,2.425
L1_ETM115,2.517,1,2.517,0.267,0.000,0.000,0.198,2.220
L1_ETM120,1.761,1,1.761,0.223,0.000,0.000,0.103,2.070
L1_ETM150,0.657,1,0.657,0.136,0.000,0.000,0.016,1.656
L1_ETMHF70,304.648,0,0.000,0.000,0.000,0.000,0.000,4.604
L1_ETMHF80,96.460,0,0.000,0.000,0.000,0.000,0.000,4.779
L1_ETMHF90,33.424,0,0.000,0.000,0.000,0.000,0.000,4.319
L1_ETMHF100,11.979,0,0.000,0.000,0.000,0.000,0.000,3.492
L1_ETMHF110,4.577,1,4.577,0.360,0.839,0.154,1.692,2.691
L1_ETMHF120,2.381,1,2.381,0.260,0.000,0.000,0.529,2.154
L1_ETMHF150,0.841,1,0.841,0.154,0.000,0.000,0.059,1.648
L1_SingleMuOpen_NotBptxOR,0.000,35,0.000,0.000,0.000,0.000,0.000,1.476
L1_SingleMuOpen_NotBptxOR_3BX,0.000,1,0.000,0.000,0.000,0.000,0.000,1.500
L1_SingleJet20er3p0_NotBptxOR,0.000,1000,0.000,0.000,0.000,0.000,0.000,1.400
L1_SingleJet20er3p0_NotBptxOR_3BX,0.000,0,0.000,0.000,0.000,0.000,0.000,1.385
L1_SingleJet43er3p0_NotBptxOR_3BX,0.000,1,0.000,0.000,0.000,0.000,0.000,1.377
L1_SingleJet46er3p0_NotBptxOR_3BX,0.000,1,0.000,0.000,0.000,0.000,0.000,1.384
L1_LooseIsoEG24er2p1_Jet26er3p0_dR_Min0p3,15.537,0,0.000,0.000,0.000,0.000,0.000,1.641
L1_LooseIsoEG26er2p1_Jet34er3p0_dR_Min0p3,10.273,0,0.000,0.000,0.000,0.000,0.000,1.670
L1_LooseIsoEG28er2p1_Jet34er3p0_dR_Min0p3,8.589,1,8.589,0.493,0.286,0.090,1.110,1.683
L1_LooseIsoEG30er2p1_Jet34er3p0_dR_Min0p3,7.938,1,7.938,0.474,0.000,0.000,0.746,1.667
L1_LooseIsoEG24er2p1_HTT100er,10.321,0,0.000,0.000,0.000,0.000,0.000,1.604
L1_LooseIsoEG26er2p1_HTT100er,8.917,1,8.917,0.503,0.495,0.119,1.242,1.589
L1_LooseIsoEG28er2p1_HTT100er,8.011,1,8.011,0.477,0.000,0.000,0.636,1.579
L1_LooseIsoEG24er2p1_TripleJet_26er3p0_26_26er3p0,11.876,0,0.000,0.000,0.000,0.000,0.000,2.171
L1_Mu18_HTT100er,2.646,0,0.000,0.000,0.000,0.000,0.000,1.866
L1_Mu18_Jet24er3p0,12.370,0,0.000,0.000,0.000,0.000,0.000,1.796
L1_Mu20_EG17,0.444,1,0.444,0.112,0.000,0.000,0.062,1.565
L1_Mu23_EG10,1.126,1,1.126,0.179,0.000,0.000,0.178,1.726
L1_Mu23_LooseIsoEG10,0.631,1,0.631,0.134,0.000,0.000,0.081,1.591
L1_Mu5_EG23,2.373,0,0.000,0.000,0.000,0.000,0.000,1.674
L1_Mu5_LooseIsoEG20,1.367,1,1.367,0.197,0.000,0.000,0.347,1.462
L1_Mu7_EG23,1.369,1,1.369,0.197,0.411,0.108,0.559,1.610
L1_Mu7_LooseIsoEG20,0.894,1,0.894,0.159,0.000,0.000,0.146,1.433
L1_Mu7_LooseIsoEG23,0.608,1,0.608,0.131,0.000,0.000,0.055,1.430
L1_HTT250er_QuadJet_70_55_40_35_er2p5,12.731,0,0.000,0.000,0.000,0.000,0.000,2.611
L1_HTT280er_QuadJet_70_55_40_35_er2p5,8.942,0,0.000,0.000,0.000,0.000,0.000,2.544
L1_HTT300er_QuadJet_70_55_40_35_er2p5,7.268,1,7.268,0.454,0.000,0.000,1.359,2.514
L1_DoubleJet100er2p3_dEta_Max1p6,5.578,0,0.000,0.000,0.000,0.000,0.000,1.416
L1_Mu10er2p3_Jet32er2p3_dR_Max0p4_DoubleJet32er2p3_dEta_Max1p6,3.037,0,0.000,0.000,0.000,0.000,0.000,1.648
L1_Mu12er2p3_Jet40er2p3_dR_Max0p4_DoubleJet40er2p3_dEta_Max1p6,1.440,1,1.440,0.202,0.611,0.132,0.785,1.539
L1_IsoTau40er_ETM80,5.972,0,0.000,0.000,0.000,0.000,0.000,1.755
L1_IsoTau40er_ETM85,4.852,0,0.000,0.000,0.000,0.000,0.000,1.747
L1_IsoTau40er_ETM90,3.702,0,0.000,0.000,0.000,0.000,0.000,1.741
L1_IsoTau40er_ETM95,2.990,0,0.000,0.000,0.000,0.000,0.000,1.729
L1_IsoTau40er_ETM100,2.435,1,2.435,0.263,0.000,0.000,0.364,1.718
L1_IsoTau40er_ETM105,1.970,1,1.970,0.236,0.000,0.000,0.159,1.695
L1_IsoTau40er_ETM110,1.616,1,1.616,0.214,0.000,0.000,0.084,1.677
L1_IsoTau40er_ETM115,1.463,1,1.463,0.204,0.000,0.000,0.074,1.665
L1_IsoTau40er_ETM120,1.268,1,1.268,0.190,0.000,0.000,0.063,1.657
L1_IsoTau40er_ETMHF80,4.355,0,0.000,0.000,0.000,0.000,0.000,1.945
L1_IsoTau40er_ETMHF90,2.653,0,0.000,0.000,0.000,0.000,0.000,1.910
L1_IsoTau40er_ETMHF100,1.918,1,1.918,0.233,0.156,0.066,0.270,1.829
L1_IsoTau40er_ETMHF110,1.187,1,1.187,0.183,0.000,0.000,0.053,1.745
L1_IsoTau40er_ETMHF120,1.004,1,1.004,0.169,0.000,0.000,0.041,1.687
L1_Mu22er2p1_IsoTau40er2p1,0.511,1,0.511,0.120,0.000,0.000,0.026,1.386
L1_QuadJet36er3p0_IsoTau52er2p1,9.394,125,0.000,0.000,0.000,0.000,0.000,2.808
L1_ETM80_Jet60_dPhi_Min0p4,23.294,0,0.000,0.000,0.000,0.000,0.000,2.776
L1_ETM90_Jet60_dPhi_Min0p4,11.229,0,0.000,0.000,0.000,0.000,0.000,2.641
L1_ETM100_Jet60_dPhi_Min0p4,5.751,1,5.751,0.404,0.831,0.154,1.735,2.444
L1_ETM110_Jet60_dPhi_Min0p4,2.827,1,2.827,0.283,0.000,0.000,0.228,2.168
L1_DoubleJet60er3p0_ETM70,8.740,0,0.000,0.000,0.000,0.000,0.000,2.704
L1_DoubleJet60er3p0_ETM80,4.221,0,0.000,0.000,0.000,0.000,0.000,2.612
L1_DoubleJet60er3p0_ETM90,2.379,0,0.000,0.000,0.000,0.000,0.000,2.543
L1_DoubleJet60er3p0_ETM100,1.374,1,1.374,0.197,0.000,0.000,0.204,2.424
L1_DoubleEG_LooseIso23_10,5.968,0,0.000,0.000,0.000,0.000,0.000,1.815
L1_DoubleEG_LooseIso24_10,5.440,1,5.440,0.393,0.881,0.158,1.592,1.828
L1_TripleEG_LooseIso20_10_5,5.886,0,0.000,0.000,0.000,0.000,0.000,2.257
L1_DoubleJet_90_30_DoubleJet30_Mass_Min620,25.747,0,0.000,0.000,0.000,0.000,0.000,3.707
L1_DoubleJet_100_30_DoubleJet30_Mass_Min620,14.965,0,0.000,0.000,0.000,0.000,0.000,3.299
L1_DoubleJet_100_35_DoubleJet35_Mass_Min620,11.639,0,0.000,0.000,0.000,0.000,0.000,3.087
L1_DoubleJet_110_35_DoubleJet35_Mass_Min620,7.863,1,7.863,0.472,0.000,0.000,1.680,2.802
L1_DoubleJet_110_40_DoubleJet40_Mass_Min620,6.205,1,6.205,0.419,0.000,0.000,1.249,2.575
L1_DoubleJet_115_35_DoubleJet35_Mass_Min620,6.878,1,6.878,0.442,0.000,0.000,1.278,2.696
L1_DoubleJet_115_40_DoubleJet40_Mass_Min620,5.315,1,5.315,0.388,0.000,0.000,0.887,2.467
L1_DoubleJet30_Mass_Min400_Mu6,35.042,0,0.000,0.000,0.000,0.000,0.000,6.682
L1_DoubleJet30_Mass_Min400_Mu10,9.054,0,0.000,0.000,0.000,0.000,0.000,5.807
L1_LooseIsoEG18er2p1_IsoTau24er2p1_dR_Min0p3,4.905,0,0.000,0.000,0.000,0.000,0.000,1.479
L1_DoubleJet35_rmovlp_IsoTau45_Mass_Min450,7.772,0,0.000,0.000,0.000,0.000,0.000,4.284
L1_LooseIsoEG20er2p1_IsoTau25er2p1_dR_Min0p3,3.527,0,0.000,0.000,0.000,0.000,0.000,1.430
L1_LooseIsoEG22er2p1_IsoTau26er2p1_dR_Min0p3,2.897,1,2.897,0.287,0.161,0.068,0.492,1.419
L1_LooseIsoEG24er2p1_IsoTau27er2p1_dR_Min0p3,2.495,1,2.495,0.266,0.000,0.000,0.292,1.419
L1_Mu16er2p1_Tau20er2p1,8.319,0,0.000,0.000,0.000,0.000,0.000,1.595
L1_Mu16er2p1_Tau24er2p1,3.429,0,0.000,0.000,0.000,0.000,0.000,1.475
L1_Mu18er2p1_Tau20er2p1,6.002,0,0.000,0.000,0.000,0.000,0.000,1.592
L1_Mu18er2p1_Tau24er2p1,2.627,1,2.627,0.273,0.292,0.091,0.762,1.471
L1_Mu22er2p1_Tau50er2p1,0.395,0,0.000,0.000,0.000,0.000,0.000,1.393
L1_Mu22er2p1_Tau70er2p1,0.274,1,0.274,0.088,0.000,0.000,0.015,1.382
L1_Mu18er2p1_IsoTau26er2p1,1.132,1,1.132,0.179,0.000,0.000,0.148,1.426
L1_Mu20er2p1_IsoTau26er2p1,0.928,1,0.928,0.162,0.000,0.000,0.079,1.423
L1_Mu22er2p1_IsoTau28er2p1,0.758,0,0.000,0.000,0.000,0.000,0.000,1.407
L1_Mu22er2p1_IsoTau30er2p1,0.675,0,0.000,0.000,0.000,0.000,0.000,1.401
L1_Mu22er2p1_IsoTau32er2p1,0.635,0,0.000,0.000,0.000,0.000,0.000,1.400
L1_Mu22er2p1_IsoTau33er2p1,0.632,1,0.632,0.134,0.000,0.000,0.035,1.393
L1_Mu22er2p1_IsoTau34er2p1,0.592,1,0.592,0.130,0.000,0.000,0.033,1.393
L1_Mu22er2p1_IsoTau35er2p1,0.592,1,0.592,0.130,0.000,0.000,0.032,1.392
L1_Mu22er2p1_IsoTau36er2p1,0.591,1,0.591,0.129,0.000,0.000,0.032,1.390
L1_Mu22er2p1_IsoTau38er2p1,0.590,1,0.590,0.129,0.000,0.000,0.032,1.387
L1_Mu6_HTT240er,1.607,1,1.607,0.213,0.055,0.040,0.422,1.954
L1_Mu6_HTT250er,1.377,1,1.377,0.198,0.000,0.000,0.270,1.943
L1_Mu15_HTT100er,3.474,0,0.000,0.000,0.000,0.000,0.000,1.885
L1_DoubleMu0_ETMHF40_Jet60_OR_DoubleJet30,32.472,0,0.000,0.000,0.000,0.000,0.000,4.753
L1_DoubleMu0_ETMHF50_Jet60_OR_DoubleJet30,15.543,0,0.000,0.000,0.000,0.000,0.000,5.030
L1_DoubleMu0_ETMHF60_Jet60_OR_DoubleJet30,6.882,0,0.000,0.000,0.000,0.000,0.000,5.278
L1_DoubleMu0_ETMHF70_Jet60_OR_DoubleJet30,3.687,0,0.000,0.000,0.000,0.000,0.000,5.419
L1_DoubleMu0_ETMHF80_Jet60_OR_DoubleJet30,1.204,0,0.000,0.000,0.000,0.000,0.000,5.308
L1_DoubleMu3_SQ_ETMHF40_Jet60_OR_DoubleJet30,6.329,0,0.000,0.000,0.000,0.000,0.000,4.059
L1_DoubleMu3_SQ_ETMHF50_Jet60_OR_DoubleJet30,3.675,0,0.000,0.000,0.000,0.000,0.000,4.321
L1_DoubleMu3_SQ_ETMHF60_Jet60_OR_DoubleJet30,1.133,0,0.000,0.000,0.000,0.000,0.000,4.440
L1_DoubleMu3_SQ_ETMHF70_Jet60_OR_DoubleJet30,0.633,1,0.633,0.134,0.507,0.120,0.572,4.468
L1_DoubleMu3_SQ_ETMHF80_Jet60_OR_DoubleJet30,0.119,1,0.119,0.058,0.000,0.000,0.061,4.189
L1_DoubleMu3_SQ_HTT100er,4.653,0,0.000,0.000,0.000,0.000,0.000,2.691
L1_DoubleMu3_SQ_HTT200er,0.925,1,0.925,0.162,0.198,0.075,0.385,2.330
L1_DoubleMu3_SQ_HTT220er,0.570,1,0.570,0.127,0.000,0.000,0.139,2.235
L1_DoubleMu3_SQ_HTT240er,0.433,1,0.433,0.111,0.000,0.000,0.073,2.184
L1_DoubleMu_15_7_SQ,0.693,1,0.693,0.140,0.000,0.000,0.098,1.438
L1_DoubleMu_15_7_SQ_Mass_Min4,0.585,1,0.585,0.129,0.000,0.000,0.085,1.474
L1_TripleMu3_SQ,1.998,1,1.998,0.238,0.578,0.128,0.933,1.854
L1_DoubleEG6_HTT240er,12.492,0,0.000,0.000,0.000,0.000,0.000,3.170
L1_DoubleEG6_HTT250er,10.607,0,0.000,0.000,0.000,0.000,0.000,3.092
L1_DoubleEG6_HTT270er,7.132,0,0.000,0.000,0.000,0.000,0.000,2.960
L1_DoubleEG6_HTT300er,4.196,1,4.196,0.345,0.000,0.000,0.566,2.741
L1_ETMHF70_Jet60_OR_DoubleJet30,168.116,0,0.000,0.000,0.000,0.000,0.000,4.572
L1_ETMHF75_Jet60_OR_DoubleJet30,104.656,0,0.000,0.000,0.000,0.000,0.000,4.502
L1_ETMHF80_Jet60_OR_DoubleJet30,61.948,0,0.000,0.000,0.000,0.000,0.000,4.370
L1_ETMHF85_Jet60_OR_DoubleJet30,38.280,0,0.000,0.000,0.000,0.000,0.000,4.168
L1_ETMHF90_Jet60_OR_DoubleJet30,24.585,0,0.000,0.000,0.000,0.000,0.000,3.889
L1_ETMHF95_Jet60_OR_DoubleJet30,14.836,0,0.000,0.000,0.000,0.000,0.000,3.584
L1_ETMHF100_Jet60_OR_DoubleJet30,10.326,0,0.000,0.000,0.000,0.000,0.000,3.223
L1_ETMHF105_Jet60_OR_DoubleJet30,6.282,0,0.000,0.000,0.000,0.000,0.000,2.878
L1_ETMHF110_Jet60_OR_DoubleJet30,4.377,0,0.000,0.000,0.000,0.000,0.000,2.573
L1_ETMHF115_Jet60_OR_DoubleJet30,3.134,0,0.000,0.000,0.000,0.000,0.000,2.303
L1_ETMHF120_Jet60_OR_DoubleJet30,2.342,0,0.000,0.000,0.000,0.000,0.000,2.118
L1_ETMHF70_Jet60_OR_DiJet30woTT28,118.586,0,0.000,0.000,0.000,0.000,0.000,3.888
L1_ETMHF80_Jet60_OR_DiJet30woTT28,46.549,0,0.000,0.000,0.000,0.000,0.000,3.757
L1_ETMHF90_Jet60_OR_DiJet30woTT28,19.812,0,0.000,0.000,0.000,0.000,0.000,3.376
L1_ETMHF100_Jet60_OR_DiJet30woTT28,8.708,0,0.000,0.000,0.000,0.000,0.000,2.871
L1_ETMHF110_Jet60_OR_DiJet30woTT28,3.929,0,0.000,0.000,0.000,0.000,0.000,2.389
L1_ETMHF120_Jet60_OR_DiJet30woTT28,2.256,0,0.000,0.000,0.000,0.000,0.000,2.041
L1_ETMHF70_Jet90_OR_DoubleJet45_OR_TripleJet30,103.996,0,0.000,0.000,0.000,0.000,0.000,5.088
L1_ETMHF80_Jet90_OR_DoubleJet45_OR_TripleJet30,40.418,0,0.000,0.000,0.000,0.000,0.000,4.584
L1_ETMHF90_Jet90_OR_DoubleJet45_OR_TripleJet30,17.973,0,0.000,0.000,0.000,0.000,0.000,3.913
L1_ETMHF100_Jet90_OR_DoubleJet45_OR_TripleJet30,8.119,0,0.000,0.000,0.000,0.000,0.000,3.182
L1_ETMHF110_Jet90_OR_DoubleJet45_OR_TripleJet30,3.653,0,0.000,0.000,0.000,0.000,0.000,2.478
L1_DoubleMu7_SQ_EG7,0.608,1,0.608,0.131,0.000,0.000,0.159,1.788
L1_ETMHF80_HTT60er,32.759,0,0.000,0.000,0.000,0.000,0.000,4.344
L1_ETMHF90_HTT60er,13.611,0,0.000,0.000,0.000,0.000,0.000,4.035
L1_ETMHF100_HTT60er,5.800,0,0.000,0.000,0.000,0.000,0.000,3.410
L1_ETMHF110_HTT60er,2.561,1,2.561,0.269,0.000,0.000,0.286,2.738
L1_ETMHF120_HTT60er,1.528,1,1.528,0.208,0.000,0.000,0.083,2.246
L1_Mu3_Jet30er2p5,664.342,8900,0.058,0.040,0.058,0.040,0.058,2.036
L1_DoubleMu0er1p5_SQ_OS_dR_Max1p4,3.114,1,3.114,0.297,0.291,0.091,1.121,1.465
L1_DoubleMu4p5er2p0_SQ_OS_Mass7to18,2.174,1,2.174,0.248,0.951,0.164,1.362,1.598
L1_DoubleMu4_SQ_OS_dR_Max1p2,3.361,1,3.361,0.309,0.533,0.123,1.387,1.446
L1_DoubleMu5_SQ_OS_Mass7to18,1.117,1,1.117,0.178,0.089,0.050,0.464,1.576
L1_DoubleMu_20_2_SQ_Mass_Max20,0.948,1,0.948,0.164,0.043,0.035,0.195,1.520
L1_DoubleMu4_OS_EG12,0.740,1,0.740,0.145,0.399,0.106,0.451,2.009
L1_DoubleMu0er1p4_SQ_OS_dR_Max1p4,2.334,1,2.334,0.257,0.000,0.000,0.691,1.444
L1_DoubleMu4p5_SQ_OS_dR_Max1p2,2.102,1,2.102,0.244,0.000,0.000,0.595,1.426
L1_DoubleMu5_OS_EG12,0.215,1,0.215,0.078,0.000,0.000,0.021,1.896
L1_DoubleMu6_SQ_OS,2.104,0,0.000,0.000,0.000,0.000,0.000,1.484
L1_TripleMu_5_3p5_2p5_DoubleMu_5_2p5_OS_Mass_5to17,1.210,1,1.210,0.185,0.053,0.039,0.345,1.855
L1_TripleMu_5_4_2p5_DoubleMu_5_2p5_OS_Mass_5to17,0.941,1,0.941,0.163,0.000,0.000,0.212,1.844
L1_TripleMu_5SQ_3SQ_0OQ_DoubleMu_5_3_SQ_OS_Mass_Max9,1.086,1,1.086,0.175,0.000,0.000,0.251,1.742
L1_TripleMu_5SQ_3SQ_0_DoubleMu_5_3_SQ_OS_Mass_Max9,0.949,1,0.949,0.164,0.000,0.000,0.194,1.761
L1_DoubleMu8_SQ,1.167,1,1.167,0.182,0.362,0.101,0.520,1.419
L1_DoubleMu0_SQ,137.678,600,0.185,0.072,0.185,0.072,0.185,1.630
L1_DoubleMu0_SQ_OS,71.193,0,0.000,0.000,0.000,0.000,0.000,1.636
L1_DoubleMu4p5_SQ,13.176,90,0.130,0.061,0.087,0.050,0.101,1.529
L1_DoubleMu4p5_SQ_OS,6.198,0,0.000,0.000,0.000,0.000,0.000,1.540
L1_DoubleMu4p5er2p0_SQ_OS,4.581,0,0.000,0.000,0.000,0.000,0.000,1.525
L1_DoubleMu0er1p5_SQ_OS,8.775,0,0.000,0.000,0.000,0.000,0.000,1.555
L1_DoubleMu4_SQ_OS,10.791,0,0.000,0.000,0.000,0.000,0.000,1.566
L1_DoubleMu5_SQ_OS,3.531,0,0.000,0.000,0.000,0.000,0.000,1.519
L1_TripleMu_5_3p5_2p5,2.636,40,0.053,0.039,0.053,0.039,0.053,1.859
L1_TripleMu0_OQ,42.434,1060,0.000,0.000,0.000,0.000,0.000,1.843
L1_TripleMu_5SQ_3SQ_0OQ,4.131,35,0.103,0.054,0.052,0.038,0.062,1.822
L1_Mu6_DoubleEG17,0.146,1,0.146,0.064,0.049,0.037,0.057,1.719
L1_DoubleMu7_EG7,0.783,1,0.783,0.149,0.052,0.038,0.234,1.842
L1_IsolatedBunch,0.000,0,0.000,0.000,0.000,0.000,0.000,1.000
L1_FirstBunchInTrain,600.182,0,0.000,0.000,0.000,0.000,0.000,1.000
L1_FirstBunchAfterTrain,0.000,0,0.000,0.000,0.000,0.000,0.000,1.000
L1_Mu5_EG15,12.820,0,0.000,0.000,0.000,0.000,0.000,1.633
L1_Mu5_EG20,3.677,0,0.000,0.000,0.000,0.000,0.000,1.544
L1_Mu5_LooseIsoEG18,2.224,1,2.224,0.251,0.681,0.139,1.077,1.601
L1_Mu12_EG10,5.346,0,0.000,0.000,0.000,0.000,0.000,1.598
L1_Mu20_EG10,1.358,0,0.000,0.000,0.000,0.000,0.000,1.597
L1_MU20_EG15,0.695,0,0.000,0.000,0.000,0.000,0.000,1.531
L1_Mu20_LooseIsoEG6,1.807,0,0.000,0.000,0.000,0.000,0.000,1.723
L1_Mu6_HTT200er,3.063,0,0.000,0.000,0.000,0.000,0.000,2.078
L1_Mu8_HTT150er,4.443,0,0.000,0.000,0.000,0.000,0.000,2.090
L1_EG25er2p1_HTT125er,17.172,0,0.000,0.000,0.000,0.000,0.000,1.692
L1_EG27er2p1_HTT200er,5.985,0,0.000,0.000,0.000,0.000,0.000,1.759
L1_DoubleJet60er3p0_ETM60,16.941,0,0.000,0.000,0.000,0.000,0.000,2.692
L1_QuadJet36er3p0_Tau52,15.139,0,0.000,0.000,0.000,0.000,0.000,3.256
L1_ETM75_Jet60_dPhi_Min0p4,34.637,0,0.000,0.000,0.000,0.000,0.000,2.796
L1_DoubleMu0_ETM40,61.087,0,0.000,0.000,0.000,0.000,0.000,3.231
L1_DoubleMu0_ETM55,13.498,0,0.000,0.000,0.000,0.000,0.000,4.492
L1_DoubleMu0_ETM60,8.079,0,0.000,0.000,0.000,0.000,0.000,4.830
L1_DoubleMu0_ETM65,4.028,0,0.000,0.000,0.000,0.000,0.000,5.074
L1_DoubleMu0_ETM70,1.761,0,0.000,0.000,0.000,0.000,0.000,5.177
L1_Jet32_DoubleMu_10_0_dPhi_Jet_Mu0_Max0p4_dPhi_Mu_Mu_Min1p0,2.184,0,0.000,0.000,0.000,0.000,0.000,2.657
L1_Jet32_Mu0_EG10_dPhi_Jet_Mu_Max0p4_dPhi_Mu_EG_Min1p0,48.107,0,0.000,0.000,0.000,0.000,0.000,3.340
L1_DoubleEG6_HTT255er,9.714,0,0.000,0.000,0.000,0.000,0.000,3.060
L1_DoubleMu0er1p4_dEta_Max1p8_OS,6.327,0,0.000,0.000,0.000,0.000,0.000,1.498
L1_DoubleMu_10_0_dEta_Max1p8,10.303,0,0.000,0.000,0.000,0.000,0.000,1.608
L1_Mu6_DoubleEG10,2.638,0,0.000,0.000,0.000,0.000,0.000,2.115
L1_Mu3_JetC16_dEta_Max0p4_dPhi_Max0p4,128.896,1700,0.046,0.036,0.046,0.036,0.046,1.624
L1_Mu3_JetC60_dEta_Max0p4_dPhi_Max0p4,7.859,105,0.043,0.035,0.043,0.035,0.043,1.515
L1_Mu3_JetC120_dEta_Max0p4_dPhi_Max0p4,0.447,1,0.447,0.113,0.000,0.000,0.091,1.433
L1_SingleEG2_BptxAND,25617.109,0,0.000,0.000,0.000,0.000,0.000,1.000
L1_SingleJet12_BptxAND,25118.558,0,0.000,0.000,0.000,0.000,0.000,1.000
L1_ETT40_BptxAND,28608.552,0,0.000,0.000,0.000,0.000,0.000,1.000
L1_ETT50_BptxAND,28608.552,0,0.000,0.000,0.000,0.000,0.000,1.000
L1_ETT60_BptxAND,28608.269,0,0.000,0.000,0.000,0.000,0.000,1.000
L1_ETT70_BptxAND,28607.106,0,0.000,0.000,0.000,0.000,0.000,1.000
L1_ETT75_BptxAND,28605.547,0,0.000,0.000,0.000,0.000,0.000,1.000
L1_ETT80_BptxAND,28603.166,0,0.000,0.000,0.000,0.000,0.000,1.000
L1_ETT85_BptxAND,28599.338,0,0.000,0.000,0.000,0.000,0.000,1.000
L1_ETT90_BptxAND,28591.826,0,0.000,0.000,0.000,0.000,0.000,1.000
L1_ETT95_BptxAND,28581.620,0,0.000,0.000,0.000,0.000,0.000,1.000
L1_ETT100_BptxAND,28567.304,0,0.000,0.000,0.000,0.000,0.000,1.000
L1_ETT110_BptxAND,28520.499,0,0.000,0.000,0.000,0.000,0.000,1.000
L1_MinimumBiasHF0_AND_BptxAND,0.000,0,0.000,0.000,0.000,0.000,0.000,1.000
L1_MinimumBiasHF0_OR_BptxAND,0.000,0,0.000,0.000,0.000,0.000,0.000,1.000
L1_Mu10er2p1_ETM30,20.660,0,0.000,0.000,0.000,0.000,0.000,1.997
L1_Mu14er2p1_ETM30,9.056,0,0.000,0.000,0.000,0.000,0.000,1.960
L1_AlwaysTrue,28608.552,0,0.000,0.000,0.000,0.000,0.000,1.000
L1_NotBptxOR,0.000,0,0.000,0.000,0.000,0.000,0.000,1.000
L1_BptxXOR,0.000,0,0.000,0.000,0.000,0.000,0.000,1.000
L1_ZeroBias_copy,28608.552,0,0.000,0.000,0.000,0.000,0.000,1.000
L1_BPTX_BeamGas_Ref1_VME,28008.370,0,0.000,0.000,0.000,0.000,0.000,1.000
L1_BPTX_BeamGas_Ref2_VME,28008.341,0,0.000,0.000,0.000,0.000,0.000,1.000
L1_BPTX_BeamGas_B1_VME,25.883,0,0.000,0.000,0.000,0.000,0.000,1.000
L1_BPTX_BeamGas_B2_VME,0.482,0,0.000,0.000,0.000,0.000,0.000,1.000
L1_ZeroBias,28608.552,0,0.000,0.000,0.000,0.000,0.000,1.000
L1_BptxPlus,28608.552,0,0.000,0.000,0.000,0.000,0.000,1.000
L1_BptxMinus,28608.552,0,0.000,0.000,0.000,0.000,0.000,1.000
L1_BptxOR,28608.552,0,0.000,0.000,0.000,0.000,0.000,1.000
L1_BPTX_AND_Ref1_VME,28008.341,0,0.000,0.000,0.000,0.000,0.000,1.000
L1_UnpairedBunchBptxPlus,0.028,0,0.000,0.000,0.000,0.000,0.000,1.000
L1_UnpairedBunchBptxMinus,0.000,0,0.000,0.000,0.000,0.000,0.000,1.000
L1_BPTX_NotOR_VME,0.000,0,0.000,0.000,0.000,0.000,0.000,1.000
L1_BPTX_AND_Ref2_NIM,28608.552,0,0.000,0.000,0.000,0.000,0.000,1.000
L1_BPTX_B1NotB2_NIM,0.000,0,0.000,0.000,0.000,0.000,0.000,1.000
L1_BPTX_B2NotB1_NIM,0.000,0,0.000,0.000,0.000,0.000,0.000,1.000
L1_BPTX_NotOR_NIM,0.000,0,0.000,0.000,0.000,0.000,0.000,1.000
L1_BPTX_AND_Ref3_VME,28608.552,0,0.000,0.000,0.000,0.000,0.000,1.000
L1_BPTX_OR_Ref3_VME,28608.552,0,0.000,0.000,0.000,0.000,0.000,1.000
L1_BPTX_RefAND_VME,28608.552,0,0.000,0.000,0.000,0.000,0.000,1.000
L1_FirstCollisionInOrbit,11.652,0,0.000,0.000,0.000,0.000,0.000,1.000
L1_BPTX_AND_Ref4_VME,28608.552,0,0.000,0.000,0.000,0.000,0.000,1.000
L1_BPTX_OR_Ref4_VME,28008.341,0,0.000,0.000,0.000,0.000,0.000,1.000
L1_LastCollisionInTrain,595.363,0,0.000,0.000,0.000,0.000,0.000,1.000
L1_FirstCollisionInTrain,600.211,0,0.000,0.000,0.000,0.000,0.000,1.000
L1_BPTX_AND_NIM,28608.552,0,0.000,0.000,0.000,0.000,0.000,1.000
L1_BPTX_B1_NIM,28608.552,0,0.000,0.000,0.000,0.000,0.000,1.000
L1_BPTX_B2_NIM,28608.552,0,0.000,0.000,0.000,0.000,0.000,1.000
L1_BPTX_OR_NIM,28608.552,0,0.000,0.000,0.000,0.000,0.000,1.000
L1_CDC_3_TOP120_DPHI1p570_3p142,17.427,0,0.000,0.000,0.000,0.000,0.000,1.797
L1_CDC_3_TOP120_DPHI2p094_3p142,13.620,0,0.000,0.000,0.000,0.000,0.000,1.799
L1_CDC_3_TOP120_DPHI2p618_3p142,7.708,0,0.000,0.000,0.000,0.000,0.000,1.801
L1_CDC_3_TOP_DPHI2p618_3p142,11.403,0,0.000,0.000,0.000,0.000,0.000,1.804
L1_CDC_3_er1p2_TOP120_DPHI1p570_3p142,1.260,0,0.000,0.000,0.000,0.000,0.000,1.778
L1_CDC_3_er1p2_TOP120_DPHI2p094_3p142,1.670,0,0.000,0.000,0.000,0.000,0.000,1.785
L1_CDC_3_er1p2_TOP120_DPHI2p618_3p142,0.807,0,0.000,0.000,0.000,0.000,0.000,1.779
L1_CDC_3_er1p6_TOP120_DPHI1p570_3p142,3.441,0,0.000,0.000,0.000,0.000,0.000,1.785
L1_CDC_3_er1p6_TOP120_DPHI2p094_3p142,2.430,0,0.000,0.000,0.000,0.000,0.000,1.786
L1_CDC_3_er1p6_TOP120_DPHI2p618_3p142,1.519,0,0.000,0.000,0.000,0.000,0.000,1.786
L1_CDC_3_er2p1_TOP120_DPHI1p570_3p142,10.917,0,0.000,0.000,0.000,0.000,0.000,1.791
L1_CDC_3_er2p1_TOP120_DPHI2p094_3p142,8.437,0,0.000,0.000,0.000,0.000,0.000,1.793
L1_CDC_3_er2p1_TOP120_DPHI2p618_3p142,4.579,0,0.000,0.000,0.000,0.000,0.000,1.794
L1_CDC_SingleMu_3_TOP120_DPHI2p618_3p142,3.467,0,0.000,0.000,0.000,0.000,0.000,1.773
L1_CDC_SingleMu_3_er1p2_TOP120_DPHI2p618_3p142,0.454,0,0.000,0.000,0.000,0.000,0.000,1.781
L1_CDC_SingleMu_3_er1p6_TOP120_DPHI2p618_3p142,0.811,0,0.000,0.000,0.000,0.000,0.000,1.788
L1_CDC_SingleMu_3_er2p1_TOP120_DPHI2p618_3p142,2.358,0,0.000,0.000,0.000,0.000,0.000,1.770
L1_CDCp1_3_TOP120_DPHI2p618_3p142,7.453,0,0.000,0.000,0.000,0.000,0.000,1.801
L1_CDCp1_3_er1p2_TOP120_DPHI2p618_3p142,0.454,0,0.000,0.000,0.000,0.000,0.000,1.779
L1_CDCp1_3_er1p6_TOP120_DPHI2p618_3p142,1.518,0,0.000,0.000,0.000,0.000,0.000,1.785
L1_CDCp1_3_er2p1_TOP120_DPHI2p618_3p142,4.833,0,0.000,0.000,0.000,0.000,0.000,1.794

# total [kHz]: 84.868 +- 1.551
# unique [kHz]: 15.498
# proportional [kHz]: 84.868
